tBodyAcc-mean()-X,tBodyAcc-mean()-Y,tBodyAcc-mean()-Z,tBodyAcc-std()-X,tBodyAcc-std()-Y,tBodyAcc-std()-Z,tBodyAcc-mad()-X,tBodyAcc-mad()-Y,tBodyAcc-mad()-Z,tBodyAcc-min()-X,tBodyAcc-min()-Y,tBodyAcc-min()-Z,tBodyAcc-max()-X,tBodyAcc-max()-Y,tBodyAcc-max()-Z,tBodyAcc-energy()-X,tBodyAcc-energy()-Y,tBodyAcc-energy()-Z,tBodyAccMag-mean(),tBodyAccMag-std(),tBodyAccMag-mad(),tBodyAccMag-min(),tBodyAccMag-max(),tBodyAccMag-energy()
-0.4581434823978783,2.672415412422905,9.378494991733776,1.1657404519036418,1.4991540602474203,1.7908709186755054,0.9255746501538256,1.1538474145335815,1.447993557703828,-4.69411993,-4.185046673,2.646461725,2.772084951,10.27657509,22.28196526,1.5678440755610792,9.387609611896796,91.161021751841,13.496519736241002,7.161809900101309,6.279207985741896,1.0669464487125944,26.299064726647874,233.40974043044147
-0.23639887770779205,2.775267080873923,9.270469007556786,1.28625773048293,1.8072975612439137,1.8963587888335118,1.0349728897785353,1.3953421276514715,1.5606144414049816,-3.750749588,-2.900699139,4.841876507,3.207578659,8.417351723,16.46082497,1.7091232761386699,10.966023051200137,89.53512022837558,39.019942682884135,7.387409775018687,6.384117240203882,26.113543463441594,51.765007505546315,1577.0895039773156
-0.5400645703502714,2.1210480174720265,9.465926531026549,1.3099467944716072,1.6240015390281552,1.6793943168482492,1.0515852473339549,1.2810599859266885,1.3836293698057534,-6.014957905,-4.298706055,5.696712494,3.592823267,6.491129398,15.17228985,2.0063648868212405,7.134280719949804,92.42205044686257,64.76508555929678,7.467747472918603,6.466344847286642,51.78660518081999,77.63252759345337,4250.242433530044
-1.1984026916968509,2.121419031322788,9.472341805078909,0.9728567073766873,1.2077881989484422,1.5996019839514994,0.739061325121286,0.943681660099284,1.317095093223409,-5.328815937,-1.666600943,5.846263885,2.224726915,7.122834682,14.20200062,2.38192121245002,5.958095263920469,92.28209881285649,90.59324293771557,7.466669080161577,6.46104406518727,77.64721969835466,103.55605356242049,8262.845698709289
-0.9151901065612358,3.170435620569519,9.122571335858833,1.5803722873684962,1.3378407848248732,1.5946877012841427,1.2187265649705832,1.053444873523008,1.3108490987690544,-7.799405575,-1.53918314,5.008177757,2.536391973,7.719245911,14.10868073,3.33330354323516,11.840157138301095,85.76245709414923,116.4361090623748,7.456410586612674,6.454306180674616,103.5703254707165,129.47137887088246,13612.924459990614
