tBodyAcc-mean()-X,tBodyAcc-mean()-Y,tBodyAcc-mean()-Z
-0.4581434823978783,2.672415412422905,9.378494991733776
-0.23987252918500446,2.7844280976323303,9.269459204654131
-0.5366712090108908,2.1164608917468053,9.466178871070058
-1.1932151546152139,2.1162310531509587,9.467989373696902
-0.9160906460489323,3.169818565433304,9.126242768818583
-4.867001057,5.577669621,5.560919762
